"Def. gral.","Edad","Sexo","2010","2011","2012","2013","2014","2015","2016","2017","2018","2019","2020","2021","2022","2023"
"","0","Total","55","56","54","42","43","51","46","41","52","43","39","35","41","35"
"","","Hombres","28","17","25","28","20","25","28","25","23","24","22","21","25","18"
"","","Mujeres","27","39","29","14","23","26","18","16","29","19","17","14","16","17"
"","1 - 9","Total","27","23","20","20","23","21","15","7","16","18","13","13","11","11"
"","","Hombres","11","17","12","6","16","15","7","5","11","8","6","7","9","6"
"","","Mujeres","16","6","8","14","7","6","8","2","5","10","7","6","2","5"
"","10 - 19","Total","26","28","18","24","16","24","25","24","23","21","20","31","24","21"
"","","Hombres","15","18","13","17","8","18","15","14","9","16","16","22","13","14"
"","","Mujeres","11","10","5","7","8","6","10","10","14","5","4","9","11","7"
"","20 - 29","Total","74","72","62","59","40","53","42","55","41","49","60","44","62","53"
"","","Hombres","57","55","45","46","32","41","25","42","29","34","48","32","46","44"
"","","Mujeres","17","17","17","13","8","12","17","13","12","15","12","12","16","9"
"","30 - 39","Total","188","191","158","155","132","161","129","111","103","111","115","100","112","92"
"","","Hombres","117","124","105","101","85","110","80","79","61","79","75","66","68","61"
"","","Mujeres","71","67","53","54","47","51","49","32","42","32","40","34","44","31"
"","40 - 49","Total","578","556","547","504","477","443","430","438","423","368","421","408","386","300"
"","","Hombres","382","346","373","331","285","281","288","271","259","234","255","258","248","195"
"","","Mujeres","196","210","174","173","192","162","142","167","164","134","166","150","138","105"
"","50 - 59","Total","1245","1324","1204","1257","1235","1255","1213","1180","1181","1102","1123","1148","1161","1017"
"","","Hombres","839","906","822","832","807","796","811","760","764","727","715","747","749","655"
"","","Mujeres","406","418","382","425","428","459","402","420","417","375","408","401","412","362"
"","60 - 69","Total","1985","2081","2144","2117","2103","2130","2160","2152","2192","2182","2382","2339","2439","2251"
"","","Hombres","1426","1491","1537","1515","1427","1456","1486","1477","1474","1471","1634","1518","1595","1485"
"","","Mujeres","559","590","607","602","676","674","674","675","718","711","748","821","844","766"
"","70 - 79","Total","4111","4015","3911","3701","3695","3615","3579","3564","3559","3665","4311","4109","4330","4089"
"","","Hombres","2682","2602","2546","2404","2386","2332","2311","2286","2326","2407","2768","2627","2703","2587"
"","","Mujeres","1429","1413","1365","1297","1309","1283","1268","1278","1233","1258","1543","1482","1627","1502"
"","80 - 89","Total","7434","7771","7941","7636","7952","8661","8345","8534","8395","7970","8939","8151","8119","7331"
"","","Hombres","3556","3708","3730","3703","3844","4232","4204","4217","4175","3983","4419","4094","4042","3690"
"","","Mujeres","3878","4063","4211","3933","4108","4429","4141","4317","4220","3987","4520","4057","4077","3641"
"",">= 90","Total","3634","3715","4222","4177","4441","5095","5239","5526","5761","6031","6824","6695","7509","7111"
"","","Hombres","932","1012","1144","1203","1267","1458","1529","1649","1749","1773","2098","2173","2366","2279"
"","","Mujeres","2702","2703","3078","2974","3174","3637","3710","3877","4012","4258","4726","4522","5143","4832"
"I. Ciertas enfermedades infecciosas y parasitarias (A00 - B99)","0","Total","0","1","2","0","1","1","1","1","0","0","1","0","1","1"
"","","Hombres","0","0","2","0","0","0","0","1","0","0","1","0","1","0"
"","","Mujeres","0","1","0","0","1","1","1","0","0","0","0","0","0","1"
"","1 - 9","Total","0","1","0","0","0","2","1","0","1","0","1","0","0","0"
"","","Hombres","0","0","0","0","0","0","1","0","1","0","0","0","0","0"
"","","Mujeres","0","1","0","0","0","2","0","0","0","0","1","0","0","0"
"","10 - 19","Total","0","1","0","1","0","0","0","0","0","0","0","0","1","0"
"","","Hombres","0","0","0","1","0","0","0","0","0","0","0","0","0","0"
"","","Mujeres","0","1","0","0","0","0","0","0","0","0","0","0","1","0"
"","20 - 29","Total","2","0","1","1","1","0","2","0","2","1","2","1","0","0"
"","","Hombres","1","0","0","1","1","0","1","0","2","0","2","1","0","0"
"","","Mujeres","1","0","1","0","0","0","1","0","0","1","0","0","0","0"
"","30 - 39","Total","8","5","8","7","3","3","6","1","2","0","2","2","3","2"
"","","Hombres","7","4","6","4","1","3","3","1","0","0","2","2","2","2"
"","","Mujeres","1","1","2","3","2","0","3","0","2","0","0","0","1","0"
"","40 - 49","Total","32","31","29","15","13","18","9","6","14","11","9","8","8","7"
"","","Hombres","25","19","19","14","6","13","8","4","9","7","7","4","6","4"
"","","Mujeres","7","12","10","1","7","5","1","2","5","4","2","4","2","3"
"","50 - 59","Total","17","21","23","33","37","29","27","24","28","19","15","14","19","16"
"","","Hombres","13","15","18","26","28","24","23","18","21","15","10","9","14","10"
"","","Mujeres","4","6","5","7","9","5","4","6","7","4","5","5","5","6"
"","60 - 69","Total","20","35","25","23","26","28","20","32","19","34","23","17","35","26"
"","","Hombres","14","20","13","12","14","17","12","26","13","21","12","13","22","15"
"","","Mujeres","6","15","12","11","12","11","8","6","6","13","11","4","13","11"
"","70 - 79","Total","60","57","45","51","49","49","54","60","53","38","43","55","64","46"
"","","Hombres","34","30","26","25","26","27","32","34","39","18","28","30","42","32"
"","","Mujeres","26","27","19","26","23","22","22","26","14","20","15","25","22","14"
"","80 - 89","Total","112","125","130","121","126","153","138","151","112","121","116","122","117","140"
"","","Hombres","55","46","54","52","50","71","66","67","49","63","58","59","54","63"
"","","Mujeres","57","79","76","69","76","82","72","84","63","58","58","63","63","77"
"",">= 90","Total","44","52","67","60","65","81","78","107","80","84","81","90","105","116"
"","","Hombres","10","12","15","10","20","24","26","35","29","27","30","31","34","31"
"","","Mujeres","34","40","52","50","45","57","52","72","51","57","51","59","71","85"
"II. Tumores [neoplasias] (C00 - D48)","0","Total","0","0","0","1","1","1","4","0","1","0","0","2","1","0"
"","","Hombres","0","0","0","1","0","0","1","0","0","0","0","0","1","0"
"","","Mujeres","0","0","0","0","1","1","3","0","1","0","0","2","0","0"
"","1 - 9","Total","8","8","5","5","6","3","3","3","5","3","6","7","2","4"
"","","Hombres","4","7","5","2","4","2","1","2","4","2","2","5","2","3"
"","","Mujeres","4","1","0","3","2","1","2","1","1","1","4","2","0","1"
"","10 - 19","Total","9","9","4","6","7","6","6","4","6","3","7","5","5","2"
"","","Hombres","5","7","2","3","4","5","4","1","2","2","5","2","3","2"
"","","Mujeres","4","2","2","3","3","1","2","3","4","1","2","3","2","0"
"","20 - 29","Total","13","15","4","18","4","10","9","13","8","11","10","11","15","12"
"","","Hombres","7","10","3","13","2","6","1","11","3","6","7","3","10","7"
"","","Mujeres","6","5","1","5","2","4","8","2","5","5","3","8","5","5"
"","30 - 39","Total","59","53","47","46","45","53","34","35","35","30","30","28","33","30"
"","","Hombres","23","16","24","24","19","26","13","21","12","15","14","10","13","17"
"","","Mujeres","36","37","23","22","26","27","21","14","23","15","16","18","20","13"
"","40 - 49","Total","240","258","216","203","209","182","181","181","173","153","147","159","166","133"
"","","Hombres","134","129","125","100","103","84","87","88","77","77","68","75","78","73"
"","","Mujeres","106","129","91","103","106","98","94","93","96","76","79","84","88","60"
"","50 - 59","Total","730","764","683","701","726","765","693","662","657","608","562","559","570","497"
"","","Hombres","448","493","425","422","431","440","416","384","377","372","321","315","312","273"
"","","Mujeres","282","271","258","279","295","325","277","278","280","236","241","244","258","224"
"","60 - 69","Total","1146","1193","1224","1229","1254","1233","1232","1227","1290","1259","1229","1201","1248","1244"
"","","Hombres","809","836","866","868","834","816","829","819","872","817","801","739","773","771"
"","","Mujeres","337","357","358","361","420","417","403","408","418","442","428","462","475","473"
"","70 - 79","Total","1674","1716","1658","1636","1662","1581","1603","1581","1569","1629","1698","1698","1752","1755"
"","","Hombres","1124","1156","1148","1108","1129","1063","1094","1057","1088","1091","1136","1134","1129","1139"
"","","Mujeres","550","560","510","528","533","518","509","524","481","538","562","564","623","616"
"","80 - 89","Total","1739","1835","1853","1811","1921","2021","2002","2048","1991","1946","1891","1833","1789","1752"
"","","Hombres","1046","1022","1084","1054","1097","1175","1152","1183","1148","1121","1107","1066","1013","1071"
"","","Mujeres","693","813","769","757","824","846","850","865","843","825","784","767","776","681"
"",">= 90","Total","403","410","455","486","525","524","553","598","625","667","643","740","797","819"
"","","Hombres","157","170","204","219","231","226","235","273","271","271","281","329","372","372"
"","","Mujeres","246","240","251","267","294","298","318","325","354","396","362","411","425","447"
"III. Enferm. sangre y órganos hematop., ciertos trast. inmunidad (D50-D89)","0","Total","0","0","1","1","0","0","1","1","0","0","0","1","0","1"
"","","Hombres","0","0","0","1","0","0","0","0","0","0","0","1","0","1"
"","","Mujeres","0","0","1","0","0","0","1","1","0","0","0","0","0","0"
"","1 - 9","Total","2","1","1","0","1","0","0","0","1","0","0","1","0","0"
"","","Hombres","1","1","1","0","0","0","0","0","0","0","0","1","0","0"
"","","Mujeres","1","0","0","0","1","0","0","0","1","0","0","0","0","0"
"","10 - 19","Total","0","0","1","0","0","0","0","0","0","0","0","1","0","1"
"","","Hombres","0","0","1","0","0","0","0","0","0","0","0","1","0","1"
"","","Mujeres","0","0","0","0","0","0","0","0","0","0","0","0","0","0"
"","20 - 29","Total","1","0","1","1","0","0","0","0","0","1","0","0","1","1"
"","","Hombres","1","0","1","1","0","0","0","0","0","1","0","0","1","1"
"","","Mujeres","0","0","0","0","0","0","0","0","0","0","0","0","0","0"
"","30 - 39","Total","1","2","1","0","1","0","1","1","0","0","2","0","0","0"
"","","Hombres","0","1","1","0","1","0","0","1","0","0","1","0","0","0"
"","","Mujeres","1","1","0","0","0","0","1","0","0","0","1","0","0","0"
"","40 - 49","Total","1","2","2","4","0","2","0","0","0","0","1","1","2","0"
"","","Hombres","1","2","1","3","0","1","0","0","0","0","0","1","1","0"
"","","Mujeres","0","0","1","1","0","1","0","0","0","0","1","0","1","0"
"","50 - 59","Total","1","2","3","5","3","0","3","2","3","1","3","2","3","3"
"","","Hombres","1","1","2","4","2","0","3","1","1","0","0","2","3","0"
"","","Mujeres","0","1","1","1","1","0","0","1","2","1","3","0","0","3"
"","60 - 69","Total","4","3","3","5","3","6","3","3","4","9","5","6","13","5"
"","","Hombres","3","2","3","3","3","2","3","2","4","4","0","3","5","1"
"","","Mujeres","1","1","0","2","0","4","0","1","0","5","5","3","8","4"
"","70 - 79","Total","12","8","11","10","15","14","12","21","15","13","16","12","23","15"
"","","Hombres","6","4","7","4","8","8","3","9","5","9","8","6","13","8"
"","","Mujeres","6","4","4","6","7","6","9","12","10","4","8","6","10","7"
"","80 - 89","Total","41","26","34","28","29","57","43","39","37","41","39","52","51","32"
"","","Hombres","16","15","9","13","15","23","21","18","23","13","20","26","22","16"
"","","Mujeres","25","11","25","15","14","34","22","21","14","28","19","26","29","16"
"",">= 90","Total","25","18","21","20","22","31","37","34","53","52","46","41","49","52"
"","","Hombres","2","5","7","6","7","8","8","13","22","13","12","13","9","20"
"","","Mujeres","23","13","14","14","15","23","29","21","31","39","34","28","40","32"
"IV. Enfermedades endocrinas, nutricionales y metabólicas (E00 - E90)","0","Total","4","1","2","1","2","1","2","0","1","3","1","1","3","0"
"","","Hombres","3","1","0","1","2","0","1","0","0","1","1","0","1","0"
"","","Mujeres","1","0","2","0","0","1","1","0","1","2","0","1","2","0"
"","1 - 9","Total","0","2","2","3","1","0","2","0","1","1","0","0","1","1"
"","","Hombres","0","0","1","2","0","0","1","0","1","0","0","0","0","0"
"","","Mujeres","0","2","1","1","1","0","1","0","0","1","0","0","1","1"
"","10 - 19","Total","1","0","2","1","2","1","2","3","0","1","1","2","1","1"
"","","Hombres","1","0","2","1","0","1","1","1","0","1","1","1","0","0"
"","","Mujeres","0","0","0","0","2","0","1","2","0","0","0","1","1","1"
"","20 - 29","Total","3","0","1","0","1","2","2","1","0","0","0","0","0","0"
"","","Hombres","2","0","0","0","1","1","0","1","0","0","0","0","0","0"
"","","Mujeres","1","0","1","0","0","1","2","0","0","0","0","0","0","0"
"","30 - 39","Total","3","2","4","4","2","4","2","1","1","1","2","1","3","1"
"","","Hombres","1","2","1","2","1","4","2","1","1","0","1","1","1","1"
"","","Mujeres","2","0","3","2","1","0","0","0","0","1","1","0","2","0"
"","40 - 49","Total","10","8","5","7","6","3","5","4","10","3","5","7","8","8"
"","","Hombres","8","7","4","5","3","1","3","2","5","1","3","5","6","7"
"","","Mujeres","2","1","1","2","3","2","2","2","5","2","2","2","2","1"
"","50 - 59","Total","18","21","23","22","23","24","21","13","14","15","35","23","25","26"
"","","Hombres","8","14","16","13","17","17","16","7","11","11","27","18","16","19"
"","","Mujeres","10","7","7","9","6","7","5","6","3","4","8","5","9","7"
"","60 - 69","Total","41","43","33","46","38","42","44","36","55","51","56","47","43","40"
"","","Hombres","26","28","25","28","24","26","29","26","34","38","35","35","35","30"
"","","Mujeres","15","15","8","18","14","16","15","10","21","13","21","12","8","10"
"","70 - 79","Total","154","102","122","130","104","94","88","85","102","91","124","110","123","123"
"","","Hombres","83","47","55","64","62","50","51","44","59","48","80","69","78","67"
"","","Mujeres","71","55","67","66","42","44","37","41","43","43","44","41","45","56"
"","80 - 89","Total","291","284","297","263","261","317","238","243","275","272","268","293","276","267"
"","","Hombres","117","120","126","104","97","138","117","102","130","124","116","132","141","117"
"","","Mujeres","174","164","171","159","164","179","121","141","145","148","152","161","135","150"
"",">= 90","Total","140","148","150","163","148","179","172","163","201","214","213","226","266","266"
"","","Hombres","29","33","35","35","28","50","43","47","43","53","67","60","71","74"
"","","Mujeres","111","115","115","128","120","129","129","116","158","161","146","166","195","192"
"V. Trastornos mentales y del comportamiento (F00 - F99)","0","Total","0","0","0","0","0","0","0","0","0","0","0","0","0","0"
"","","Hombres","0","0","0","0","0","0","0","0","0","0","0","0","0","0"
"","","Mujeres","0","0","0","0","0","0","0","0","0","0","0","0","0","0"
"","1 - 9","Total","0","0","0","0","0","0","0","0","0","0","0","0","0","0"
"","","Hombres","0","0","0","0","0","0","0","0","0","0","0","0","0","0"
"","","Mujeres","0","0","0","0","0","0","0","0","0","0","0","0","0","0"
"","10 - 19","Total","0","0","0","0","0","0","0","0","0","0","0","1","0","0"
"","","Hombres","0","0","0","0","0","0","0","0","0","0","0","1","0","0"
"","","Mujeres","0","0","0","0","0","0","0","0","0","0","0","0","0","0"
"","20 - 29","Total","0","0","1","0","0","0","0","0","0","0","0","0","0","0"
"","","Hombres","0","0","0","0","0","0","0","0","0","0","0","0","0","0"
"","","Mujeres","0","0","1","0","0","0","0","0","0","0","0","0","0","0"
"","30 - 39","Total","1","1","1","1","0","0","1","0","1","0","0","0","2","0"
"","","Hombres","1","1","1","0","0","0","0","0","0","0","0","0","0","0"
"","","Mujeres","0","0","0","1","0","0","1","0","1","0","0","0","2","0"
"","40 - 49","Total","2","3","2","0","2","5","3","3","3","0","5","4","1","1"
"","","Hombres","1","1","1","0","2","4","2","2","2","0","4","2","0","1"
"","","Mujeres","1","2","1","0","0","1","1","1","1","0","1","2","1","0"
"","50 - 59","Total","4","8","12","12","8","11","5","6","9","8","8","11","13","6"
"","","Hombres","3","3","12","7","3","8","3","5","4","7","8","8","9","5"
"","","Mujeres","1","5","0","5","5","3","2","1","5","1","0","3","4","1"
"","60 - 69","Total","13","19","21","20","17","16","19","14","26","30","24","27","30","28"
"","","Hombres","6","9","14","13","9","11","11","10","12","17","16","14","16","16"
"","","Mujeres","7","10","7","7","8","5","8","4","14","13","8","13","14","12"
"","70 - 79","Total","117","115","117","98","104","111","102","105","126","139","175","170","181","166"
"","","Hombres","61","67","71","63","66","57","65","69","65","81","86","81","84","106"
"","","Mujeres","56","48","46","35","38","54","37","36","61","58","89","89","97","60"
"","80 - 89","Total","543","560","579","532","584","619","659","677","662","666","740","727","741","728"
"","","Hombres","191","233","228","211","213","250","272","244","271","258","261","283","260","262"
"","","Mujeres","352","327","351","321","371","369","387","433","391","408","479","444","481","466"
"",">= 90","Total","421","387","469","433","477","601","623","619","699","834","822","823","1020","974"
"","","Hombres","75","72","87","103","97","121","121","139","166","176","180","219","239","235"
"","","Mujeres","346","315","382","330","380","480","502","480","533","658","642","604","781","739"
"VI. Enfermedades del sistema nervioso (G00 - G99)","0","Total","3","4","2","2","3","5","3","1","4","2","1","1","2","1"
"","","Hombres","1","0","1","2","1","4","3","1","1","1","1","0","2","1"
"","","Mujeres","2","4","1","0","2","1","0","0","3","1","0","1","0","0"
"","1 - 9","Total","4","4","3","1","3","4","1","0","4","1","0","3","2","2"
"","","Hombres","2","3","0","0","3","2","0","0","3","1","0","0","1","0"
"","","Mujeres","2","1","3","1","0","2","1","0","1","0","0","3","1","2"
"","10 - 19","Total","1","1","3","3","2","2","2","3","4","3","4","4","1","3"
"","","Hombres","0","1","3","3","1","1","2","1","2","2","3","3","0","2"
"","","Mujeres","1","0","0","0","1","1","0","2","2","1","1","1","1","1"
"","20 - 29","Total","2","2","3","2","4","4","1","3","4","3","2","2","6","4"
"","","Hombres","1","1","2","2","3","4","1","0","3","1","2","2","4","3"
"","","Mujeres","1","1","1","0","1","0","0","3","1","2","0","0","2","1"
"","30 - 39","Total","7","6","7","5","6","6","7","4","7","1","6","6","8","5"
"","","Hombres","5","4","5","3","4","4","3","3","3","1","4","5","5","5"
"","","Mujeres","2","2","2","2","2","2","4","1","4","0","2","1","3","0"
"","40 - 49","Total","21","11","22","23","9","20","9","21","20","17","20","24","14","12"
"","","Hombres","14","5","14","13","4","12","5","10","13","9","12","14","9","6"
"","","Mujeres","7","6","8","10","5","8","4","11","7","8","8","10","5","6"
"","50 - 59","Total","28","38","42","29","40","45","47","34","35","35","36","46","37","42"
"","","Hombres","20","22","20","15","23","23","31","23","24","18","22","29","23","20"
"","","Mujeres","8","16","22","14","17","22","16","11","11","17","14","17","14","22"
"","60 - 69","Total","64","85","70","86","88","86","86","78","90","85","80","96","105","115"
"","","Hombres","34","53","39","46","49","54","55","56","48","54","43","58","50","76"
"","","Mujeres","30","32","31","40","39","32","31","22","42","31","37","38","55","39"
"","70 - 79","Total","228","242","207","217","224","246","218","230","234","226","240","251","292","305"
"","","Hombres","117","134","101","132","124","134","104","113","132","118","115","128","156","154"
"","","Mujeres","111","108","106","85","100","112","114","117","102","108","125","123","136","151"
"","80 - 89","Total","564","590","614","576","637","700","706","677","672","655","655","605","647","583"
"","","Hombres","179","207","205","218","244","282","289","274","280","261","268","272","270","248"
"","","Mujeres","385","383","409","358","393","418","417","403","392","394","387","333","377","335"
"",">= 90","Total","208","227","245","279","275","344","356","373","365","376","424","371","462","423"
"","","Hombres","40","43","48","57","52","71","81","75","76","84","112","84","106","99"
"","","Mujeres","168","184","197","222","223","273","275","298","289","292","312","287","356","324"
"VII. Enfermedades del ojo y sus anexos (H00 - H59)","0","Total","0","0","0","0","0","0","0","0","0","0","0","0","0","0"
"","","Hombres","0","0","0","0","0","0","0","0","0","0","0","0","0","0"
"","","Mujeres","0","0","0","0","0","0","0","0","0","0","0","0","0","0"
"","1 - 9","Total","0","0","0","0","0","0","0","0","0","0","0","0","0","0"
"","","Hombres","0","0","0","0","0","0","0","0","0","0","0","0","0","0"
"","","Mujeres","0","0","0","0","0","0","0","0","0","0","0","0","0","0"
"","10 - 19","Total","0","0","0","0","0","0","0","0","0","0","0","0","0","0"
"","","Hombres","0","0","0","0","0","0","0","0","0","0","0","0","0","0"
"","","Mujeres","0","0","0","0","0","0","0","0","0","0","0","0","0","0"
"","20 - 29","Total","0","0","0","0","0","0","0","0","0","0","0","0","0","0"
"","","Hombres","0","0","0","0","0","0","0","0","0","0","0","0","0","0"
"","","Mujeres","0","0","0","0","0","0","0","0","0","0","0","0","0","0"
"","30 - 39","Total","0","0","0","0","0","0","0","0","0","0","0","0","0","0"
"","","Hombres","0","0","0","0","0","0","0","0","0","0","0","0","0","0"
"","","Mujeres","0","0","0","0","0","0","0","0","0","0","0","0","0","0"
"","40 - 49","Total","0","0","0","0","0","0","0","0","0","0","0","0","0","0"
"","","Hombres","0","0","0","0","0","0","0","0","0","0","0","0","0","0"
"","","Mujeres","0","0","0","0","0","0","0","0","0","0","0","0","0","0"
"","50 - 59","Total","0","0","0","0","0","0","0","0","0","0","0","0","0","0"
"","","Hombres","0","0","0","0","0","0","0","0","0","0","0","0","0","0"
"","","Mujeres","0","0","0","0","0","0","0","0","0","0","0","0","0","0"
"","60 - 69","Total","0","0","0","0","0","0","0","0","0","0","0","0","0","0"
"","","Hombres","0","0","0","0","0","0","0","0","0","0","0","0","0","0"
"","","Mujeres","0","0","0","0","0","0","0","0","0","0","0","0","0","0"
"","70 - 79","Total","0","0","0","0","0","0","0","0","0","0","0","0","0","0"
"","","Hombres","0","0","0","0","0","0","0","0","0","0","0","0","0","0"
"","","Mujeres","0","0","0","0","0","0","0","0","0","0","0","0","0","0"
"","80 - 89","Total","0","0","0","0","0","0","0","0","0","0","0","0","0","0"
"","","Hombres","0","0","0","0","0","0","0","0","0","0","0","0","0","0"
"","","Mujeres","0","0","0","0","0","0","0","0","0","0","0","0","0","0"
"",">= 90","Total","0","0","0","0","0","0","0","0","0","0","0","0","0","0"
"","","Hombres","0","0","0","0","0","0","0","0","0","0","0","0","0","0"
"","","Mujeres","0","0","0","0","0","0","0","0","0","0","0","0","0","0"
"VIII. Enfermedades del oído y de la apófisis mastoides (H60 - H95)","0","Total","0","0","0","0","0","0","0","0","0","0","0","0","0","0"
"","","Hombres","0","0","0","0","0","0","0","0","0","0","0","0","0","0"
"","","Mujeres","0","0","0","0","0","0","0","0","0","0","0","0","0","0"
"","1 - 9","Total","0","0","0","0","0","0","0","0","0","0","0","0","0","0"
"","","Hombres","0","0","0","0","0","0","0","0","0","0","0","0","0","0"
"","","Mujeres","0","0","0","0","0","0","0","0","0","0","0","0","0","0"
"","10 - 19","Total","0","0","0","0","0","0","0","0","0","0","0","0","0","0"
"","","Hombres","0","0","0","0","0","0","0","0","0","0","0","0","0","0"
"","","Mujeres","0","0","0","0","0","0","0","0","0","0","0","0","0","0"
"","20 - 29","Total","0","0","0","0","0","0","0","0","0","0","0","0","0","0"
"","","Hombres","0","0","0","0","0","0","0","0","0","0","0","0","0","0"
"","","Mujeres","0","0","0","0","0","0","0","0","0","0","0","0","0","0"
"","30 - 39","Total","0","0","0","0","0","0","0","0","0","0","0","0","0","0"
"","","Hombres","0","0","0","0","0","0","0","0","0","0","0","0","0","0"
"","","Mujeres","0","0","0","0","0","0","0","0","0","0","0","0","0","0"
"","40 - 49","Total","0","0","0","0","0","0","0","0","0","0","0","0","0","0"
"","","Hombres","0","0","0","0","0","0","0","0","0","0","0","0","0","0"
"","","Mujeres","0","0","0","0","0","0","0","0","0","0","0","0","0","0"
"","50 - 59","Total","0","0","0","0","0","0","0","0","0","0","0","0","0","0"
"","","Hombres","0","0","0","0","0","0","0","0","0","0","0","0","0","0"
"","","Mujeres","0","0","0","0","0","0","0","0","0","0","0","0","0","0"
"","60 - 69","Total","0","0","0","0","0","0","0","0","0","0","0","0","0","0"
"","","Hombres","0","0","0","0","0","0","0","0","0","0","0","0","0","0"
"","","Mujeres","0","0","0","0","0","0","0","0","0","0","0","0","0","0"
"","70 - 79","Total","0","0","0","0","0","0","0","0","0","0","0","0","0","0"
"","","Hombres","0","0","0","0","0","0","0","0","0","0","0","0","0","0"
"","","Mujeres","0","0","0","0","0","0","0","0","0","0","0","0","0","0"
"","80 - 89","Total","0","0","1","0","0","0","0","1","0","0","0","0","0","0"
"","","Hombres","0","0","0","0","0","0","0","1","0","0","0","0","0","0"
"","","Mujeres","0","0","1","0","0","0","0","0","0","0","0","0","0","0"
"",">= 90","Total","0","0","0","0","0","0","1","0","0","0","0","0","1","0"
"","","Hombres","0","0","0","0","0","0","0","0","0","0","0","0","0","0"
"","","Mujeres","0","0","0","0","0","0","1","0","0","0","0","0","1","0"
"IX. Enfermedades del sistema circulatorio (I00 - I99)","0","Total","1","1","4","1","2","2","0","4","0","2","0","1","3","0"
"","","Hombres","0","1","1","1","1","2","0","1","0","1","0","1","1","0"
"","","Mujeres","1","0","3","0","1","0","0","3","0","1","0","0","2","0"
"","1 - 9","Total","2","0","1","1","2","2","1","0","2","1","0","0","0","0"
"","","Hombres","0","0","1","1","1","1","1","0","1","0","0","0","0","0"
"","","Mujeres","2","0","0","0","1","1","0","0","1","1","0","0","0","0"
"","10 - 19","Total","1","1","3","2","0","2","2","0","2","2","1","2","1","5"
"","","Hombres","1","1","1","1","0","1","1","0","0","2","1","2","0","4"
"","","Mujeres","0","0","2","1","0","1","1","0","2","0","0","0","1","1"
"","20 - 29","Total","7","10","7","5","5","4","6","4","6","4","5","1","3","2"
"","","Hombres","5","5","5","2","5","4","6","4","3","3","4","1","3","2"
"","","Mujeres","2","5","2","3","0","0","0","0","3","1","1","0","0","0"
"","30 - 39","Total","23","28","21","21","14","25","16","22","14","18","13","10","14","14"
"","","Hombres","16","19","13","17","11","19","11","16","12","12","9","8","13","8"
"","","Mujeres","7","9","8","4","3","6","5","6","2","6","4","2","1","6"
"","40 - 49","Total","96","95","106","91","95","66","80","90","78","74","79","67","58","36"
"","","Hombres","70","86","82","73","70","55","58","72","59","58","45","50","46","27"
"","","Mujeres","26","9","24","18","25","11","22","18","19","16","34","17","12","9"
"","50 - 59","Total","225","226","192","227","187","172","199","204","217","200","186","197","229","208"
"","","Hombres","185","182","157","167","153","133","158","153","169","145","141","151","179","159"
"","","Mujeres","40","44","35","60","34","39","41","51","48","55","45","46","50","49"
"","60 - 69","Total","377","385","413","369","370","392","400","400","380","384","417","436","448","418"
"","","Hombres","291","305","324","294","279","295","297","303","268","277","316","310","335","311"
"","","Mujeres","86","80","89","75","91","97","103","97","112","107","101","126","113","107"
"","70 - 79","Total","1080","1022","989","859","822","845","816","766","780","792","817","804","826","863"
"","","Hombres","717","662","627","567","508","551","522","503","512","540","523","526","519","562"
"","","Mujeres","363","360","362","292","314","294","294","263","268","252","294","278","307","301"
"","80 - 89","Total","2475","2501","2484","2368","2360","2564","2463","2490","2420","2225","2126","2165","1992","1888"
"","","Hombres","1130","1113","1065","1074","1099","1177","1198","1172","1168","1057","986","1034","953","934"
"","","Mujeres","1345","1388","1419","1294","1261","1387","1265","1318","1252","1168","1140","1131","1039","954"
"",">= 90","Total","1388","1386","1516","1465","1531","1714","1750","1783","1883","1920","1967","2232","2193","2225"
"","","Hombres","343","325","381","394","393","470","473","494","563","582","567","686","639","682"
"","","Mujeres","1045","1061","1135","1071","1138","1244","1277","1289","1320","1338","1400","1546","1554","1543"
"X. Enfermedades del sistema respiratorio (J00 - J99)","0","Total","0","3","1","1","2","1","0","1","1","0","1","3","0","0"
"","","Hombres","0","1","1","0","0","1","0","1","0","0","1","2","0","0"
"","","Mujeres","0","2","0","1","2","0","0","0","1","0","0","1","0","0"
"","1 - 9","Total","1","1","1","1","1","0","2","0","1","0","2","0","1","0"
"","","Hombres","0","1","1","0","1","0","0","0","0","0","2","0","1","0"
"","","Mujeres","1","0","0","1","0","0","2","0","1","0","0","0","0","0"
"","10 - 19","Total","0","0","0","0","0","1","0","3","1","1","1","0","1","1"
"","","Hombres","0","0","0","0","0","0","0","2","0","1","1","0","0","0"
"","","Mujeres","0","0","0","0","0","1","0","1","1","0","0","0","1","1"
"","20 - 29","Total","1","4","4","3","1","3","0","0","1","1","4","0","0","3"
"","","Hombres","0","1","4","3","0","2","0","0","1","1","3","0","0","3"
"","","Mujeres","1","3","0","0","1","1","0","0","0","0","1","0","0","0"
"","30 - 39","Total","5","6","4","8","6","4","6","2","4","2","8","1","1","0"
"","","Hombres","2","4","4","5","4","1","4","2","3","2","5","0","0","0"
"","","Mujeres","3","2","0","3","2","3","2","0","1","0","3","1","1","0"
"","40 - 49","Total","21","20","13","8","14","15","10","11","10","18","14","7","10","11"
"","","Hombres","13","10","7","4","8","12","8","6","9","10","9","6","5","8"
"","","Mujeres","8","10","6","4","6","3","2","5","1","8","5","1","5","3"
"","50 - 59","Total","40","49","27","23","35","34","43","35","48","46","34","36","27","22"
"","","Hombres","20","34","19","18","26","21","29","24","33","28","26","24","14","17"
"","","Mujeres","20","15","8","5","9","13","14","11","15","18","8","12","13","5"
"","60 - 69","Total","96","83","99","104","100","96","125","114","118","115","100","86","97","102"
"","","Hombres","75","61","78","77","70","72","82","66","83","80","75","64","63","57"
"","","Mujeres","21","22","21","27","30","24","43","48","35","35","25","22","34","45"
"","70 - 79","Total","338","296","339","281","286","303","292","323","291","318","205","205","263","274"
"","","Hombres","260","212","251","193","201","223","205","219","184","226","147","138","184","183"
"","","Mujeres","78","84","88","88","85","80","87","104","107","92","58","67","79","91"
"","80 - 89","Total","748","830","857","873","869","997","923","1033","1056","889","621","563","583","595"
"","","Hombres","431","482","468","497","500","577","534","595","589","533","350","345","345","340"
"","","Mujeres","317","348","389","376","369","420","389","438","467","356","271","218","238","255"
"",">= 90","Total","441","466","570","567","554","665","654","823","799","769","557","447","570","634"
"","","Hombres","137","186","195","207","207","242","247","286","292","271","219","206","213","248"
"","","Mujeres","304","280","375","360","347","423","407","537","507","498","338","241","357","386"
"XI. Enfermedades del sistema digestivo (K00 - K93)","0","Total","1","0","1","0","1","1","0","0","0","0","0","0","0","1"
"","","Hombres","0","0","1","0","1","0","0","0","0","0","0","0","0","0"
"","","Mujeres","1","0","0","0","0","1","0","0","0","0","0","0","0","1"
"","1 - 9","Total","1","0","0","0","0","1","0","0","0","2","1","0","1","0"
"","","Hombres","0","0","0","0","0","1","0","0","0","0","0","0","1","0"
"","","Mujeres","1","0","0","0","0","0","0","0","0","2","1","0","0","0"
"","10 - 19","Total","0","0","0","0","0","1","0","0","0","0","0","0","0","0"
"","","Hombres","0","0","0","0","0","1","0","0","0","0","0","0","0","0"
"","","Mujeres","0","0","0","0","0","0","0","0","0","0","0","0","0","0"
"","20 - 29","Total","0","0","1","3","0","1","0","2","1","0","2","0","1","0"
"","","Hombres","0","0","1","3","0","0","0","1","1","0","2","0","1","0"
"","","Mujeres","0","0","0","0","0","1","0","1","0","0","0","0","0","0"
"","30 - 39","Total","3","5","4","3","2","5","3","3","2","5","4","5","5","2"
"","","Hombres","1","5","2","1","2","2","2","2","2","4","3","5","1","2"
"","","Mujeres","2","0","2","2","0","3","1","1","0","1","1","0","4","0"
"","40 - 49","Total","52","31","38","36","27","19","25","17","33","13","16","24","15","6"
"","","Hombres","35","24","28","28","17","11","20","14","22","11","12","17","12","5"
"","","Mujeres","17","7","10","8","10","8","5","3","11","2","4","7","3","1"
"","50 - 59","Total","90","93","85","80","67","71","57","67","58","58","68","74","65","52"
"","","Hombres","71","66","67","64","48","53","43","45","41","43","50","55","53","42"
"","","Mujeres","19","27","18","16","19","18","14","22","17","15","18","19","12","10"
"","60 - 69","Total","101","114","120","107","100","114","101","103","92","87","108","111","119","100"
"","","Hombres","79","86","89","81","69","86","72","76","58","70","78","79","87","79"
"","","Mujeres","22","28","31","26","31","28","29","27","34","17","30","32","32","21"
"","70 - 79","Total","189","169","189","181","170","159","145","159","155","160","170","160","213","201"
"","","Hombres","127","107","118","109","110","97","92","103","102","99","107","107","126","132"
"","","Mujeres","62","62","71","72","60","62","53","56","53","61","63","53","87","69"
"","80 - 89","Total","317","365","344","359","374","409","368","334","404","389","357","362","397","364"
"","","Hombres","141","169","153","154","154","172","175","165","183","190","180","170","205","185"
"","","Mujeres","176","196","191","205","220","237","193","169","221","199","177","192","192","179"
"",">= 90","Total","144","169","174","173","207","195","234","237","267","242","260","342","320","325"
"","","Hombres","37","46","41","43","57","57","69","68","74","62","68","113","110","112"
"","","Mujeres","107","123","133","130","150","138","165","169","193","180","192","229","210","213"
"XII. Enfermedades de la piel y del tejido subcutáneo (L00 - L99)","0","Total","0","0","0","0","0","0","0","0","0","0","0","0","0","0"
"","","Hombres","0","0","0","0","0","0","0","0","0","0","0","0","0","0"
"","","Mujeres","0","0","0","0","0","0","0","0","0","0","0","0","0","0"
"","1 - 9","Total","0","0","0","0","1","0","0","0","0","0","0","0","0","0"
"","","Hombres","0","0","0","0","0","0","0","0","0","0","0","0","0","0"
"","","Mujeres","0","0","0","0","1","0","0","0","0","0","0","0","0","0"
"","10 - 19","Total","0","0","0","0","0","0","0","0","0","0","0","0","0","0"
"","","Hombres","0","0","0","0","0","0","0","0","0","0","0","0","0","0"
"","","Mujeres","0","0","0","0","0","0","0","0","0","0","0","0","0","0"
"","20 - 29","Total","0","0","0","0","0","0","1","0","0","0","0","0","0","0"
"","","Hombres","0","0","0","0","0","0","1","0","0","0","0","0","0","0"
"","","Mujeres","0","0","0","0","0","0","0","0","0","0","0","0","0","0"
"","30 - 39","Total","1","1","0","0","0","0","0","0","0","0","0","0","0","0"
"","","Hombres","0","1","0","0","0","0","0","0","0","0","0","0","0","0"
"","","Mujeres","1","0","0","0","0","0","0","0","0","0","0","0","0","0"
"","40 - 49","Total","0","1","1","0","1","0","0","0","0","0","0","0","0","0"
"","","Hombres","0","0","0","0","1","0","0","0","0","0","0","0","0","0"
"","","Mujeres","0","1","1","0","0","0","0","0","0","0","0","0","0","0"
"","50 - 59","Total","0","0","0","1","0","0","0","0","0","0","0","1","0","0"
"","","Hombres","0","0","0","1","0","0","0","0","0","0","0","1","0","0"
"","","Mujeres","0","0","0","0","0","0","0","0","0","0","0","0","0","0"
"","60 - 69","Total","3","2","0","4","0","4","0","1","1","1","5","3","1","2"
"","","Hombres","2","2","0","3","0","1","0","1","1","0","3","3","1","2"
"","","Mujeres","1","0","0","1","0","3","0","0","0","1","2","0","0","0"
"","70 - 79","Total","4","8","7","9","6","2","5","2","7","8","13","15","11","8"
"","","Hombres","2","3","1","6","5","1","2","2","2","5","8","8","2","0"
"","","Mujeres","2","5","6","3","1","1","3","0","5","3","5","7","9","8"
"","80 - 89","Total","24","23","34","26","36","39","23","23","21","25","44","52","38","30"
"","","Hombres","10","9","9","9","15","16","10","8","9","5","16","20","11","11"
"","","Mujeres","14","14","25","17","21","23","13","15","12","20","28","32","27","19"
"",">= 90","Total","11","16","17","18","14","36","26","18","27","34","27","50","46","44"
"","","Hombres","2","6","3","5","3","6","5","1","6","10","6","10","10","15"
"","","Mujeres","9","10","14","13","11","30","21","17","21","24","21","40","36","29"
"XIII. Enfermedades sistema osteomuscular y tejido conjuntivo (M00 - M99)","0","Total","0","0","0","0","0","0","0","0","0","0","0","0","0","0"
"","","Hombres","0","0","0","0","0","0","0","0","0","0","0","0","0","0"
"","","Mujeres","0","0","0","0","0","0","0","0","0","0","0","0","0","0"
"","1 - 9","Total","0","0","0","0","0","0","0","0","0","0","0","0","0","0"
"","","Hombres","0","0","0","0","0","0","0","0","0","0","0","0","0","0"
"","","Mujeres","0","0","0","0","0","0","0","0","0","0","0","0","0","0"
"","10 - 19","Total","1","0","0","1","0","0","1","0","0","1","0","0","0","0"
"","","Hombres","0","0","0","0","0","0","1","0","0","0","0","0","0","0"
"","","Mujeres","1","0","0","1","0","0","0","0","0","1","0","0","0","0"
"","20 - 29","Total","0","1","0","0","0","0","0","0","0","1","0","0","0","0"
"","","Hombres","0","1","0","0","0","0","0","0","0","0","0","0","0","0"
"","","Mujeres","0","0","0","0","0","0","0","0","0","1","0","0","0","0"
"","30 - 39","Total","0","2","1","3","2","0","0","0","0","1","0","0","0","0"
"","","Hombres","0","2","1","3","1","0","0","0","0","1","0","0","0","0"
"","","Mujeres","0","0","0","0","1","0","0","0","0","0","0","0","0","0"
"","40 - 49","Total","5","5","1","0","1","4","2","2","1","0","1","1","0","1"
"","","Hombres","3","1","0","0","0","1","0","1","0","0","1","1","0","1"
"","","Mujeres","2","4","1","0","1","3","2","1","1","0","0","0","0","0"
"","50 - 59","Total","2","3","2","6","10","1","2","5","3","4","3","2","0","5"
"","","Hombres","1","2","1","2","4","0","2","5","2","2","2","0","0","1"
"","","Mujeres","1","1","1","4","6","1","0","0","1","2","1","2","0","4"
"","60 - 69","Total","8","6","4","8","4","9","4","15","9","9","10","5","8","16"
"","","Hombres","5","2","1","3","1","3","3","6","4","6","6","3","4","10"
"","","Mujeres","3","4","3","5","3","6","1","9","5","3","4","2","4","6"
"","70 - 79","Total","28","33","29","22","21","29","33","38","25","26","30","23","29","41"
"","","Hombres","12","16","12","8","9","12","10","15","12","11","14","10","17","19"
"","","Mujeres","16","17","17","14","12","17","23","23","13","15","16","13","12","22"
"","80 - 89","Total","82","96","93","98","100","109","117","118","110","97","104","120","129","120"
"","","Hombres","19","33","33","38","35","44","49","45","35","34","47","50","54","48"
"","","Mujeres","63","63","60","60","65","65","68","73","75","63","57","70","75","72"
"",">= 90","Total","66","65","68","82","74","98","116","131","118","119","130","146","146","149"
"","","Hombres","16","15","15","19","18","25","25","28","26","29","32","37","34","43"
"","","Mujeres","50","50","53","63","56","73","91","103","92","90","98","109","112","106"
"XIV. Enfermedades del sistema genitourinario (N00 - N99)","0","Total","0","0","0","0","0","0","1","0","0","0","0","0","0","0"
"","","Hombres","0","0","0","0","0","0","1","0","0","0","0","0","0","0"
"","","Mujeres","0","0","0","0","0","0","0","0","0","0","0","0","0","0"
"","1 - 9","Total","1","0","0","0","1","0","0","0","0","0","0","0","0","0"
"","","Hombres","1","0","0","0","1","0","0","0","0","0","0","0","0","0"
"","","Mujeres","0","0","0","0","0","0","0","0","0","0","0","0","0","0"
"","10 - 19","Total","0","0","0","0","0","0","0","0","0","0","0","0","0","0"
"","","Hombres","0","0","0","0","0","0","0","0","0","0","0","0","0","0"
"","","Mujeres","0","0","0","0","0","0","0","0","0","0","0","0","0","0"
"","20 - 29","Total","0","0","1","0","0","0","0","0","0","0","0","0","0","0"
"","","Hombres","0","0","0","0","0","0","0","0","0","0","0","0","0","0"
"","","Mujeres","0","0","1","0","0","0","0","0","0","0","0","0","0","0"
"","30 - 39","Total","1","1","0","0","0","2","0","0","0","0","1","0","0","0"
"","","Hombres","1","1","0","0","0","0","0","0","0","0","1","0","0","0"
"","","Mujeres","0","0","0","0","0","2","0","0","0","0","0","0","0","0"
"","40 - 49","Total","2","4","1","2","3","1","1","2","1","3","4","2","0","0"
"","","Hombres","2","2","0","1","0","1","1","2","1","1","1","2","0","0"
"","","Mujeres","0","2","1","1","3","0","0","0","0","2","3","0","0","0"
"","50 - 59","Total","5","6","6","8","6","9","5","6","3","5","6","8","9","6"
"","","Hombres","3","3","4","6","4","2","4","6","3","4","3","7","5","2"
"","","Mujeres","2","3","2","2","2","7","1","0","0","1","3","1","4","4"
"","60 - 69","Total","15","20","13","13","23","24","20","15","16","20","19","32","33","26"
"","","Hombres","10","14","7","6","17","14","15","11","12","15","14","13","26","21"
"","","Mujeres","5","6","6","7","6","10","5","4","4","5","5","19","7","5"
"","70 - 79","Total","69","55","56","50","63","56","52","62","67","77","67","79","95","79"
"","","Hombres","36","36","28","30","38","31","34","43","44","59","36","46","58","51"
"","","Mujeres","33","19","28","20","25","25","18","19","23","18","31","33","37","28"
"","80 - 89","Total","204","193","234","200","243","245","252","282","266","262","272","297","304","311"
"","","Hombres","87","109","107","104","128","116","122","134","117","135","136","141","153","147"
"","","Mujeres","117","84","127","96","115","129","130","148","149","127","136","156","151","164"
"",">= 90","Total","117","114","138","128","149","186","204","187","230","252","261","305","324","343"
"","","Hombres","34","44","43","40","49","58","70","68","75","69","101","94","117","117"
"","","Mujeres","83","70","95","88","100","128","134","119","155","183","160","211","207","226"
"XV. Embarazo, parto y puerperio (O00 - O99)","0","Total","0","0","0","0","0","0","0","0","0","0","0","0","0","0"
"","","Hombres","0","0","0","0","0","0","0","0","0","0","0","0","0","0"
"","","Mujeres","0","0","0","0","0","0","0","0","0","0","0","0","0","0"
"","1 - 9","Total","0","0","0","0","0","0","0","0","0","0","0","0","0","0"
"","","Hombres","0","0","0","0","0","0","0","0","0","0","0","0","0","0"
"","","Mujeres","0","0","0","0","0","0","0","0","0","0","0","0","0","0"
"","10 - 19","Total","0","0","0","0","0","0","0","0","0","0","0","0","0","0"
"","","Hombres","0","0","0","0","0","0","0","0","0","0","0","0","0","0"
"","","Mujeres","0","0","0","0","0","0","0","0","0","0","0","0","0","0"
"","20 - 29","Total","0","0","0","0","0","0","0","0","0","0","0","0","0","1"
"","","Hombres","0","0","0","0","0","0","0","0","0","0","0","0","0","0"
"","","Mujeres","0","0","0","0","0","0","0","0","0","0","0","0","0","1"
"","30 - 39","Total","1","0","0","0","0","0","2","0","1","0","1","0","1","0"
"","","Hombres","0","0","0","0","0","0","0","0","0","0","0","0","0","0"
"","","Mujeres","1","0","0","0","0","0","2","0","1","0","1","0","1","0"
"","40 - 49","Total","0","0","0","0","0","0","0","0","0","1","0","0","0","0"
"","","Hombres","0","0","0","0","0","0","0","0","0","0","0","0","0","0"
"","","Mujeres","0","0","0","0","0","0","0","0","0","1","0","0","0","0"
"","50 - 59","Total","0","0","0","0","0","0","0","0","0","0","0","0","0","0"
"","","Hombres","0","0","0","0","0","0","0","0","0","0","0","0","0","0"
"","","Mujeres","0","0","0","0","0","0","0","0","0","0","0","0","0","0"
"","60 - 69","Total","0","0","0","0","0","0","0","0","0","0","0","0","0","0"
"","","Hombres","0","0","0","0","0","0","0","0","0","0","0","0","0","0"
"","","Mujeres","0","0","0","0","0","0","0","0","0","0","0","0","0","0"
"","70 - 79","Total","0","0","0","0","0","0","0","0","0","0","0","0","0","0"
"","","Hombres","0","0","0","0","0","0","0","0","0","0","0","0","0","0"
"","","Mujeres","0","0","0","0","0","0","0","0","0","0","0","0","0","0"
"","80 - 89","Total","0","0","0","0","0","0","0","0","0","0","0","0","0","0"
"","","Hombres","0","0","0","0","0","0","0","0","0","0","0","0","0","0"
"","","Mujeres","0","0","0","0","0","0","0","0","0","0","0","0","0","0"
"",">= 90","Total","0","0","0","0","0","0","0","0","0","0","0","0","0","0"
"","","Hombres","0","0","0","0","0","0","0","0","0","0","0","0","0","0"
"","","Mujeres","0","0","0","0","0","0","0","0","0","0","0","0","0","0"
"XVI. Ciertas afecciones originadas en el período perinatal (P00 - P96)","0","Total","30","31","25","24","17","26","22","19","24","23","21","16","20","20"
"","","Hombres","14","7","12","16","10","14","14","8","12","13","9","9","14","11"
"","","Mujeres","16","24","13","8","7","12","8","11","12","10","12","7","6","9"
"","1 - 9","Total","0","0","0","0","0","1","0","0","1","0","0","0","0","0"
"","","Hombres","0","0","0","0","0","1","0","0","1","0","0","0","0","0"
"","","Mujeres","0","0","0","0","0","0","0","0","0","0","0","0","0","0"
"","10 - 19","Total","0","1","0","0","0","0","0","0","0","1","0","1","0","0"
"","","Hombres","0","0","0","0","0","0","0","0","0","1","0","0","0","0"
"","","Mujeres","0","1","0","0","0","0","0","0","0","0","0","1","0","0"
"","20 - 29","Total","0","0","0","0","0","0","0","2","0","0","0","0","0","1"
"","","Hombres","0","0","0","0","0","0","0","1","0","0","0","0","0","0"
"","","Mujeres","0","0","0","0","0","0","0","1","0","0","0","0","0","1"
"","30 - 39","Total","0","0","0","0","0","0","0","0","0","0","1","0","0","0"
"","","Hombres","0","0","0","0","0","0","0","0","0","0","1","0","0","0"
"","","Mujeres","0","0","0","0","0","0","0","0","0","0","0","0","0","0"
"","40 - 49","Total","0","0","1","0","0","1","0","0","0","0","0","0","0","1"
"","","Hombres","0","0","1","0","0","1","0","0","0","0","0","0","0","1"
"","","Mujeres","0","0","0","0","0","0","0","0","0","0","0","0","0","0"
"","50 - 59","Total","0","0","0","0","0","0","0","0","0","0","0","0","0","0"
"","","Hombres","0","0","0","0","0","0","0","0","0","0","0","0","0","0"
"","","Mujeres","0","0","0","0","0","0","0","0","0","0","0","0","0","0"
"","60 - 69","Total","0","0","0","0","0","0","0","0","0","0","0","0","2","1"
"","","Hombres","0","0","0","0","0","0","0","0","0","0","0","0","1","1"
"","","Mujeres","0","0","0","0","0","0","0","0","0","0","0","0","1","0"
"","70 - 79","Total","0","0","0","0","0","0","0","0","0","0","0","0","0","0"
"","","Hombres","0","0","0","0","0","0","0","0","0","0","0","0","0","0"
"","","Mujeres","0","0","0","0","0","0","0","0","0","0","0","0","0","0"
"","80 - 89","Total","0","0","0","0","0","0","0","0","0","0","0","0","0","0"
"","","Hombres","0","0","0","0","0","0","0","0","0","0","0","0","0","0"
"","","Mujeres","0","0","0","0","0","0","0","0","0","0","0","0","0","0"
"",">= 90","Total","0","0","0","0","0","0","0","0","0","0","0","0","0","0"
"","","Hombres","0","0","0","0","0","0","0","0","0","0","0","0","0","0"
"","","Mujeres","0","0","0","0","0","0","0","0","0","0","0","0","0","0"
"XVII. Malformaciones congén., deformidades y anomalías cromos. (Q00 - Q99)","0","Total","14","14","13","8","13","12","8","9","20","9","13","8","9","8"
"","","Hombres","9","6","5","3","5","4","5","9","10","6","9","7","4","4"
"","","Mujeres","5","8","8","5","8","8","3","0","10","3","4","1","5","4"
"","1 - 9","Total","4","3","4","2","1","2","2","1","0","5","1","2","2","1"
"","","Hombres","1","3","3","0","1","2","1","1","0","2","1","1","2","1"
"","","Mujeres","3","0","1","2","0","0","1","0","0","3","0","1","0","0"
"","10 - 19","Total","0","0","0","0","0","3","2","1","0","1","0","3","4","0"
"","","Hombres","0","0","0","0","0","2","1","1","0","1","0","2","3","0"
"","","Mujeres","0","0","0","0","0","1","1","0","0","0","0","1","1","0"
"","20 - 29","Total","2","3","2","0","3","0","2","5","0","2","2","1","0","1"
"","","Hombres","2","3","0","0","3","0","0","2","0","1","2","1","0","1"
"","","Mujeres","0","0","2","0","0","0","2","3","0","1","0","0","0","0"
"","30 - 39","Total","3","2","0","4","2","5","0","1","2","1","2","5","1","1"
"","","Hombres","0","2","0","2","2","4","0","0","1","0","1","2","1","1"
"","","Mujeres","3","0","0","2","0","1","0","1","1","1","1","3","0","0"
"","40 - 49","Total","2","4","3","9","5","3","2","11","5","0","2","5","3","5"
"","","Hombres","2","3","2","5","3","2","1","7","3","0","1","5","3","3"
"","","Mujeres","0","1","1","4","2","1","1","4","2","0","1","0","0","2"
"","50 - 59","Total","5","4","4","13","12","9","8","14","9","4","4","11","20","11"
"","","Hombres","3","3","1","6","5","5","5","6","2","3","1","7","10","8"
"","","Mujeres","2","1","3","7","7","4","3","8","7","1","3","4","10","3"
"","60 - 69","Total","6","5","9","5","7","7","7","6","7","8","9","9","18","14"
"","","Hombres","3","3","4","2","2","2","4","2","4","3","4","4","11","9"
"","","Mujeres","3","2","5","3","5","5","3","4","3","5","5","5","7","5"
"","70 - 79","Total","3","3","2","0","2","2","3","6","1","5","6","3","6","4"
"","","Hombres","1","2","1","0","1","0","2","2","0","3","2","2","5","2"
"","","Mujeres","2","1","1","0","1","2","1","4","1","2","4","1","1","2"
"","80 - 89","Total","3","6","2","2","5","2","4","4","3","3","6","2","7","2"
"","","Hombres","3","2","1","1","3","1","1","1","1","1","1","1","3","1"
"","","Mujeres","0","4","1","1","2","1","3","3","2","2","5","1","4","1"
"",">= 90","Total","0","1","1","1","0","0","0","0","4","1","3","4","1","2"
"","","Hombres","0","0","0","1","0","0","0","0","2","0","2","1","0","1"
"","","Mujeres","0","1","1","0","0","0","0","0","2","1","1","3","1","1"
"XVIII. Síntomas, signos y hallazgos anormales clínicos y labor. (R00 - R99)","0","Total","2","0","3","3","1","1","3","3","1","2","0","1","2","3"
"","","Hombres","1","0","2","3","0","0","2","3","0","1","0","1","1","1"
"","","Mujeres","1","0","1","0","1","1","1","0","1","1","0","0","1","2"
"","1 - 9","Total","0","2","1","1","3","0","1","0","0","1","0","0","0","1"
"","","Hombres","0","1","0","0","2","0","1","0","0","1","0","0","0","0"
"","","Mujeres","0","1","1","1","1","0","0","0","0","0","0","0","0","1"
"","10 - 19","Total","1","0","0","0","0","0","0","0","0","0","0","0","1","1"
"","","Hombres","1","0","0","0","0","0","0","0","0","0","0","0","1","1"
"","","Mujeres","0","0","0","0","0","0","0","0","0","0","0","0","0","0"
"","20 - 29","Total","2","1","1","0","0","0","0","3","0","0","2","0","6","2"
"","","Hombres","2","0","1","0","0","0","0","2","0","0","2","0","4","2"
"","","Mujeres","0","1","0","0","0","0","0","1","0","0","0","0","2","0"
"","30 - 39","Total","7","5","3","3","0","4","0","6","0","3","1","1","4","3"
"","","Hombres","6","5","2","1","0","3","0","3","0","2","0","0","3","3"
"","","Mujeres","1","0","1","2","0","1","0","3","0","1","1","1","1","0"
"","40 - 49","Total","6","5","9","6","4","7","6","6","6","5","5","4","9","9"
"","","Hombres","5","3","9","5","3","6","6","2","6","4","3","1","6","5"
"","","Mujeres","1","2","0","1","1","1","0","4","0","1","2","3","3","4"
"","50 - 59","Total","15","13","17","10","11","13","18","12","10","16","10","8","16","14"
"","","Hombres","10","10","14","8","9","10","13","11","10","15","9","8","13","9"
"","","Mujeres","5","3","3","2","2","3","5","1","0","1","1","0","3","5"
"","60 - 69","Total","24","24","28","15","12","15","20","19","20","24","26","16","23","26"
"","","Hombres","17","17","20","14","11","12","13","15","16","17","20","12","16","16"
"","","Mujeres","7","7","8","1","1","3","7","4","4","7","6","4","7","10"
"","70 - 79","Total","53","59","51","44","49","55","35","24","37","28","37","34","41","34"
"","","Hombres","33","31","37","21","27","30","19","11","23","18","25","22","24","15"
"","","Mujeres","20","28","14","23","22","25","16","13","14","10","12","12","17","19"
"","80 - 89","Total","135","190","202","186","195","242","199","187","143","177","176","174","204","205"
"","","Hombres","51","83","88","73","78","84","83","75","53","72","76","70","73","85"
"","","Mujeres","84","107","114","113","117","158","116","112","90","105","100","104","131","120"
"",">= 90","Total","173","193","252","230","316","340","326","294","278","330","357","352","461","452"
"","","Hombres","35","35","41","42","79","67","93","65","57","80","77","94","106","113"
"","","Mujeres","138","158","211","188","237","273","233","229","221","250","280","258","355","339"
"XX. Causas externas de mortalidad (V01 - Y89)","0","Total","0","1","0","0","0","0","1","2","0","2","1","1","0","0"
"","","Hombres","0","1","0","0","0","0","1","1","0","1","0","0","0","0"
"","","Mujeres","0","0","0","0","0","0","0","1","0","1","1","1","0","0"
"","1 - 9","Total","4","1","2","6","3","6","2","3","0","4","1","0","2","2"
"","","Hombres","2","1","0","1","3","6","1","2","0","2","0","0","2","2"
"","","Mujeres","2","0","2","5","0","0","1","1","0","2","1","0","0","0"
"","10 - 19","Total","12","15","5","10","5","8","10","10","10","8","6","12","9","7"
"","","Hombres","7","9","4","8","3","7","5","8","5","6","5","10","6","4"
"","","Mujeres","5","6","1","2","2","1","5","2","5","2","1","2","3","3"
"","20 - 29","Total","41","36","35","26","21","29","19","22","19","25","29","26","30","26"
"","","Hombres","36","34","28","21","17","24","15","20","16","21","23","24","23","25"
"","","Mujeres","5","2","7","5","4","5","4","2","3","4","6","2","7","1"
"","30 - 39","Total","65","72","57","50","49","50","51","35","34","49","35","37","35","34"
"","","Hombres","54","57","45","39","39","44","42","29","27","42","30","31","29","22"
"","","Mujeres","11","15","12","11","10","6","9","6","7","7","5","6","6","12"
"","40 - 49","Total","88","78","98","100","88","97","97","84","69","70","94","80","86","70"
"","","Hombres","69","54","80","80","65","77","89","61","53","56","79","65","71","54"
"","","Mujeres","19","24","18","20","23","20","8","23","16","14","15","15","15","16"
"","50 - 59","Total","65","76","85","87","70","72","85","96","87","83","94","89","95","105"
"","","Hombres","53","58","66","73","54","60","65","72","66","64","66","64","77","88"
"","","Mujeres","12","18","19","14","16","12","20","24","21","19","28","25","18","17"
"","60 - 69","Total","67","64","82","83","61","58","79","89","65","66","68","65","99","76"
"","","Hombres","52","53","54","65","45","45","61","58","45","52","57","50","67","62"
"","","Mujeres","15","11","28","18","16","13","18","31","20","14","11","15","32","14"
"","70 - 79","Total","102","130","89","113","118","69","121","102","97","115","118","107","113","109"
"","","Hombres","69","95","63","74","72","48","76","62","59","81","71","67","78","76"
"","","Mujeres","33","35","26","39","46","21","45","40","38","34","47","40","35","33"
"","80 - 89","Total","156","147","183","193","212","187","210","227","223","202","180","163","188","179"
"","","Hombres","80","65","100","101","116","106","115","133","119","116","94","82","111","91"
"","","Mujeres","76","82","83","92","96","81","95","94","104","86","86","81","77","88"
"",">= 90","Total","53","63","79","72","84","101","109","159","132","137","124","118","139","146"
"","","Hombres","15","20","29","22","26","33","33","57","47","46","45","46","53","63"
"","","Mujeres","38","43","50","50","58","68","76","102","85","91","79","72","86","83"
"Covid-19 Confirmado","0","Total","0","0","0","0","0","0","0","0","0","0","0","0","0","0"
"","","Hombres","0","0","0","0","0","0","0","0","0","0","0","0","0","0"
"","","Mujeres","0","0","0","0","0","0","0","0","0","0","0","0","0","0"
"","1 - 9","Total","0","0","0","0","0","0","0","0","0","0","1","0","0","0"
"","","Hombres","0","0","0","0","0","0","0","0","0","0","1","0","0","0"
"","","Mujeres","0","0","0","0","0","0","0","0","0","0","0","0","0","0"
"","10 - 19","Total","0","0","0","0","0","0","0","0","0","0","0","0","0","0"
"","","Hombres","0","0","0","0","0","0","0","0","0","0","0","0","0","0"
"","","Mujeres","0","0","0","0","0","0","0","0","0","0","0","0","0","0"
"","20 - 29","Total","0","0","0","0","0","0","0","0","0","0","2","2","0","0"
"","","Hombres","0","0","0","0","0","0","0","0","0","0","1","0","0","0"
"","","Mujeres","0","0","0","0","0","0","0","0","0","0","1","2","0","0"
"","30 - 39","Total","0","0","0","0","0","0","0","0","0","0","7","4","2","0"
"","","Hombres","0","0","0","0","0","0","0","0","0","0","3","2","0","0"
"","","Mujeres","0","0","0","0","0","0","0","0","0","0","4","2","2","0"
"","40 - 49","Total","0","0","0","0","0","0","0","0","0","0","18","15","6","0"
"","","Hombres","0","0","0","0","0","0","0","0","0","0","9","10","5","0"
"","","Mujeres","0","0","0","0","0","0","0","0","0","0","9","5","1","0"
"","50 - 59","Total","0","0","0","0","0","0","0","0","0","0","52","66","33","4"
"","","Hombres","0","0","0","0","0","0","0","0","0","0","25","48","21","2"
"","","Mujeres","0","0","0","0","0","0","0","0","0","0","27","18","12","2"
"","60 - 69","Total","0","0","0","0","0","0","0","0","0","0","184","179","116","12"
"","","Hombres","0","0","0","0","0","0","0","0","0","0","138","117","83","8"
"","","Mujeres","0","0","0","0","0","0","0","0","0","0","46","62","33","4"
"","70 - 79","Total","0","0","0","0","0","0","0","0","0","0","512","380","297","66"
"","","Hombres","0","0","0","0","0","0","0","0","0","0","358","250","187","41"
"","","Mujeres","0","0","0","0","0","0","0","0","0","0","154","130","110","25"
"","80 - 89","Total","0","0","0","0","0","0","0","0","0","0","1190","610","655","135"
"","","Hombres","0","0","0","0","0","0","0","0","0","0","626","336","373","71"
"","","Mujeres","0","0","0","0","0","0","0","0","0","0","564","274","282","64"
"",">= 90","Total","0","0","0","0","0","0","0","0","0","0","809","394","604","141"
"","","Hombres","0","0","0","0","0","0","0","0","0","0","263","147","250","54"
"","","Mujeres","0","0","0","0","0","0","0","0","0","0","546","247","354","87"
"Covid-19 Probable","0","Total","0","0","0","0","0","0","0","0","0","0","0","0","0","0"
"","","Hombres","0","0","0","0","0","0","0","0","0","0","0","0","0","0"
"","","Mujeres","0","0","0","0","0","0","0","0","0","0","0","0","0","0"
"","1 - 9","Total","0","0","0","0","0","0","0","0","0","0","0","0","0","0"
"","","Hombres","0","0","0","0","0","0","0","0","0","0","0","0","0","0"
"","","Mujeres","0","0","0","0","0","0","0","0","0","0","0","0","0","0"
"","10 - 19","Total","0","0","0","0","0","0","0","0","0","0","0","0","0","0"
"","","Hombres","0","0","0","0","0","0","0","0","0","0","0","0","0","0"
"","","Mujeres","0","0","0","0","0","0","0","0","0","0","0","0","0","0"
"","20 - 29","Total","0","0","0","0","0","0","0","0","0","0","0","0","0","0"
"","","Hombres","0","0","0","0","0","0","0","0","0","0","0","0","0","0"
"","","Mujeres","0","0","0","0","0","0","0","0","0","0","0","0","0","0"
"","30 - 39","Total","0","0","0","0","0","0","0","0","0","0","0","0","0","0"
"","","Hombres","0","0","0","0","0","0","0","0","0","0","0","0","0","0"
"","","Mujeres","0","0","0","0","0","0","0","0","0","0","0","0","0","0"
"","40 - 49","Total","0","0","0","0","0","0","0","0","0","0","1","0","0","0"
"","","Hombres","0","0","0","0","0","0","0","0","0","0","1","0","0","0"
"","","Mujeres","0","0","0","0","0","0","0","0","0","0","0","0","0","0"
"","50 - 59","Total","0","0","0","0","0","0","0","0","0","0","7","1","0","0"
"","","Hombres","0","0","0","0","0","0","0","0","0","0","4","1","0","0"
"","","Mujeres","0","0","0","0","0","0","0","0","0","0","3","0","0","0"
"","60 - 69","Total","0","0","0","0","0","0","0","0","0","0","19","3","1","0"
"","","Hombres","0","0","0","0","0","0","0","0","0","0","16","1","0","0"
"","","Mujeres","0","0","0","0","0","0","0","0","0","0","3","2","1","0"
"","70 - 79","Total","0","0","0","0","0","0","0","0","0","0","40","3","1","0"
"","","Hombres","0","0","0","0","0","0","0","0","0","0","24","3","1","0"
"","","Mujeres","0","0","0","0","0","0","0","0","0","0","16","0","0","0"
"","80 - 89","Total","0","0","0","0","0","0","0","0","0","0","154","11","1","0"
"","","Hombres","0","0","0","0","0","0","0","0","0","0","77","7","1","0"
"","","Mujeres","0","0","0","0","0","0","0","0","0","0","77","4","0","0"
"",">= 90","Total","0","0","0","0","0","0","0","0","0","0","100","14","5","0"
"","","Hombres","0","0","0","0","0","0","0","0","0","0","36","3","3","0"
"","","Mujeres","0","0","0","0","0","0","0","0","0","0","64","11","2","0"
